Name,Rating,Price
إعلانإعلان,1.0 من 5 نجوم,"‏46,888.00 جنيه"
إعلانإعلان,4.8 من 5 نجوم,"‏47,990.00 جنيه"
إعلانإعلان,3.8 من 5 نجوم,"‏53,950.00 جنيه"
إعلانإعلان,4.6 من 5 نجوم,"‏78,750.00 جنيه"
لابتوب من ديل، بمعالج انتل، شاشة 15.6 إنش، وذاكرة رام 8 جيجابايت,3.6 من 5 نجوم,"‏15,069.00 جنيه"
لابتوب من لينوفو، بمعالج انتل، شاشة 15.6 إنش، وذاكرة رام 8 جيجابايت,4.2 من 5 نجوم,"‏23,950.00 جنيه"
لابتوب ألعاب ايديا باد 3 15ARH7 من لينوفو، رايزن 7 7735HS، انفيديا جيفورس 4050 6GB GDDR6، 16GB DDR5-4800 رام، 512GB SSD، 15.6 بوصة FHD (1920x1080) IPS 250nits 120Hz، كيبورد بإضاءة خلفية,4.3 من 5 نجوم,"‏46,600.00 جنيه"
لابتوب من ام اس اي، بمعالج انتل، شاشة 15.6 إنش، وذاكرة رام 16 جيجابايت,5.0 من 5 نجوم,"‏34,499.00 جنيه"
لابتوب من أسوس، بمعالج AMD، شاشة 14 بوصة، وذاكرة رام 8 جيجابايت,4.1 من 5 نجوم,"‏33,937.10 جنيه"
لابتوب كور G5 i7 الجيل الثامن | 8 جيجا رام | 256 جيجا SSD | شاشة 15.6 بوصة FHD | كارت Intel UHD | مستورد استعمال خارج بحالة ممتازة Grade A | مثالي للشغل والدراسة والاونلاين,1.0 من 5 نجوم,"‏16,000.00 جنيه"
لابتوب من لينوفو، بمعالج AMD، شاشة 15.6 إنش، وذاكرة رام 12 جيجابايت,4.0 من 5 نجوم,"‏37,750.00 جنيه"
لابتوب من لينوفو، بمعالج انتل، شاشة 15.6 إنش، وذاكرة رام 4 جيجابايت,3.2 من 5 نجوم,"‏15,423.73 جنيه"
لابتوب من أسوس، بمعالج AMD، شاشة 15.6 إنش، وذاكرة رام 8 جيجابايت,5.0 من 5 نجوم,"‏31,133.00 جنيه"
لابتوب من أسوس، بمعالج AMD، شاشة 15.6 إنش، وذاكرة رام 8 جيجابايت,3.6 من 5 نجوم,"‏22,227.00 جنيه"
لاب توب ماك بوك اير 2025 13 بوصة مع شريحة M4 من آبل شاشة ليكويد ريتينا 13.6 بوصة مصممة لجهاز ابل الذكي، ذاكرة موحدة 16GB، تخزين SSD 256GB، كاميرا مركزية 12MP، خاصية التعرف باللمس، ميدنايت,4.8 من 5 نجوم,"‏52,850.00 جنيه"
لابتوب من ام اس اي، بمعالج انتل، شاشة 15.6 إنش، وذاكرة رام 8 جيجابايت,N/A,"‏20,925.00 جنيه"
لابتوب من اسس، بمعالج انتل، شاشة 15.6 إنش، وذاكرة رام 4 جيجابايت,3.6 من 5 نجوم,"‏11,500.00 جنيه"
لابتوب من اتش بي، بمعالج ايه ام دي، شاشة 15.6 إنش، وذاكرة رام 8 جيجابايت,3.5 من 5 نجوم,"‏12,358.00 جنيه"
لابتوب من MSI، بمعالج انتل، شاشة 15.6 إنش، وذاكرة رام 16 جيجابايت,5.0 من 5 نجوم,"‏46,999.00 جنيه"
لابتوب من أسوس، بمعالج إنتل، شاشة 16 بوصة، وذاكرة رام 16 جيجابايت,N/A,"‏41,799.00 جنيه"
إعلانإعلان,4.8 من 5 نجوم,"‏54,999.00 جنيه"
إعلانإعلان,4.5 من 5 نجوم,"‏61,950.00 جنيه"
إعلانإعلان,4.9 من 5 نجوم,"‏59,750.00 جنيه"
إعلانإعلان,4.7 من 5 نجوم,"‏50,999.00 جنيه"
لابتوب من اتش بي، بمعالج انتل، شاشة 15.6 إنش، وذاكرة رام 8 جيجابايت,5.0 من 5 نجوم,"‏32,999.00 جنيه"
لابتوب من لينوفو، بمعالج انتل، شاشة 15.6 إنش، وذاكرة رام 8 جيجابايت,3.2 من 5 نجوم,"‏17,100.00 جنيه"
لاب توب ديل فوسترو3520 -انتل كورi7-1255U جيل 12 بـ10 نواة،رام 16 جيجا،NVMe PCle اس اس دي 512 جيجا،كارت رسومات انتل ايريس اكس اي،فل اتش دي 15.6 انش(1920×1080)WVA مضادة للوهج 250 نيت-أسود كربوني-اوبونتو,3.2 من 5 نجوم,"‏25,999.00 جنيه"
لابتوب اسوس X1504VA-NJ017W فيفو بوك انتل كور i7-1355U 8GB RAM 512GB SSD ويندوز 11 هوم 16:9 60Hz شاشة FHD 15.6 انش، ازرق هادئ,3.2 من 5 نجوم,"‏24,588.00 جنيه"
لابتوب من اتش بي، بمعالج انتل، شاشة 15.6 بوصة، وذاكرة رام 8 جيجابايت,4.4 من 5 نجوم,"‏24,800.00 جنيه"
لاب توب ماك بوك اير 2025 13 بوصة مع شريحة M4 من آبل شاشة ليكويد ريتينا 13.6 انش مصممة لجهاز آبل انتلجينس، ذاكرة موحدة 16 جيجا، تخزين SSD 256 جيجا، كاميرا مركزية 12MP، خاصية التعرف باللمس، ازرق سماوي,4.7 من 5 نجوم,"‏52,000.00 جنيه"
لابتوب من اسوس، بمعالج AMD، شاشة 14 إنش، وذاكرة رام 8 جيجابايت,3.8 من 5 نجوم,"‏26,232.25 جنيه"
لابتوب من ام اس اي، بمعالج انتل، شاشة 15.6 إنش، وذاكرة رام 8 جيجابايت,5.0 من 5 نجوم,"‏26,949.00 جنيه"
لابتوب من اتش بي، بمعالج انتل، شاشة 15.6 بوصة، وذاكرة رام 8 جيجابايت,5.0 من 5 نجوم,"‏29,627.00 جنيه"
لابتوب من ديل، بمعالج انتل، شاشة 15.6 إنش، وذاكرة رام 16 جيجابايت,3.2 من 5 نجوم,"‏28,042.20 جنيه"
لابتوب من اتش بي، بمعالج انتل، شاشة 15.6 بوصة، وذاكرة رام 4 جيجابايت,4.4 من 5 نجوم,"‏18,050.00 جنيه"
لابتوب من لينوفو، بمعالج انتل، شاشة 15.6 إنش، وذاكرة رام 16 جيجابايت,2.0 من 5 نجوم,"‏30,999.00 جنيه"
لابتوب من لينوفو، بمعالج انتل، شاشة 15.6 إنش، وذاكرة رام 16 جيجابايت,3.3 من 5 نجوم,"‏47,650.00 جنيه"
لابتوب من ديل، بمعالج انتل، شاشة 14 بوصة، وذاكرة رام 16 جيجابايت,3.5 من 5 نجوم,"‏19,000.00 جنيه"
لابتوب من لينوفو، بمعالج انتل، شاشة 15.6 إنش، وذاكرة رام 16 جيجابايت,5.0 من 5 نجوم,"‏32,755.00 جنيه"
كمبيوتر محمول لاتيتيود 5580 للأعمال، نوت بوك 15.6 بوصة، معالج انتل كور i5-6300U، ذاكرة رام 16 جيجابايت، هارد SSD 512 جيجابايت، لوحة مفاتيح تصميم أمريكي، ويندوز 10 برو من ديل (مجدد),5.0 من 5 نجوم,"‏16,250.00 جنيه"
لابتوب من أسوس، بمعالج إيه إم دي، شاشة 15.6 إنش، وذاكرة رام 8 جيجابايت,3.8 من 5 نجوم,"‏37,199.00 جنيه"
لابتوب من لينوفو، بمعالج انتل، شاشة 15.6 إنش، وذاكرة رام 4 جيجابايت,4.0 من 5 نجوم,"‏12,841.61 جنيه"
"Apple 2024 MacBook Pro Laptop with M4 chip with 10‑core CPU and 10‑core GPU: Built for Apple Intelligence, 14.2-inch Liquid Retina XDR Display, 16GB Unified Memory, 512GB SSD Storage; Space Black",4.8 من 5 نجوم,"‏85,950.00 جنيه"
لابتوب من ديل، بمعالج إنتل، شاشة 15.6 بوصة، وذاكرة رام 8 جيجابايت,N/A,"‏18,750.00 جنيه"
لابتوب من لينوفو، بمعالج انتل، شاشة 14 بوصة، وذاكرة رام 8 جيجابايت,3.8 من 5 نجوم,"‏33,400.00 جنيه"
لاب توب ألعاب ام اس اي ثين 15 2024 بشاشة 15.6 بوصة FHD 1920×1080 IPS 144hz، انتل كور i5-12450H وكارت انفيديا جي فورس RTX 3050 سعة 6 جيجا GDDR6، رام 8 جيجا DDR4 وSSD 512 جيجا ونظام تشغيل ويندوز هوم 11,N/A,"‏32,999.00 جنيه"
لابتوب من ديل، بمعالج انتل، شاشة 15.6 بوصة، وذاكرة رام 8 جيجابايت,3.2 من 5 نجوم,"‏21,499.00 جنيه"
"Apple Macbook Air 2020 Model, (13-Inch, Apple M1 chip with 8-core CPU and 7-core GPU, 8GB, 256GB, MGN63), Eng-KB, Space Gray",4.7 من 5 نجوم,"‏39,150.00 جنيه"
لابتوب من اتش بي، بمعالج ايه ام دي، شاشة 15 بوصة، وذاكرة رام 8 جيجابايت,3.5 من 5 نجوم,"‏15,499.00 جنيه"
لابتوب من لينوفو، بمعالج انتل، شاشة 15.6 إنش، وذاكرة رام 16 جيجابايت,5.0 من 5 نجوم,"‏31,999.00 جنيه"
لابتوب من لينوفو، بمعالج انتل، شاشة 15.6 إنش، وذاكرة رام 16 جيجابايت,N/A,"‏36,973.00 جنيه"
كمبيوتر محمول 15- رايزن 3 3250U، رام 8 جيجا، 256 PCIe، قرص تخزين صلب SSD، رسومات AMD راديون، شاشة HD عالية الدقة 15.6 بوصة، حواف دقيقة مضادة للوهج، 220 وحدة مضيئة في البيكسل، اسود من اتش بي، DOS,3.5 من 5 نجوم,"‏19,900.00 جنيه"
لابتوب من اتش بي، بمعالج انتل، شاشة 16.1 إنش، وذاكرة رام 16 جيجابايت,5.0 من 5 نجوم,"‏54,299.00 جنيه"
لابتوب من أسوس، بمعالج انتل، شاشة 15.6 إنش، وذاكرة رام 16 جيجابايت,3.8 من 5 نجوم,"‏62,699.25 جنيه"
لابتوب من اسوس، بمعالج انتل، شاشة 15.6 إنش، وذاكرة رام 16 جيجابايت,4.0 من 5 نجوم,"‏51,587.20 جنيه"
لابتوب من اتش بي، بمعالج انتل، شاشة 15.6 بوصة، وذاكرة رام 8 جيجابايت,4.4 من 5 نجوم,"‏35,250.00 جنيه"
إعلانإعلان,4.8 من 5 نجوم,"‏54,993.00 جنيه"
إعلانإعلان,4.8 من 5 نجوم,"‏47,990.00 جنيه"
إعلانإعلان,5.0 من 5 نجوم,"‏59,950.00 جنيه"
إعلانإعلان,3.8 من 5 نجوم,"‏47,990.00 جنيه"
إعلانإعلان,1.0 من 5 نجوم,"‏46,888.00 جنيه"
إعلانإعلان,4.8 من 5 نجوم,"‏54,999.00 جنيه"
إعلانإعلان,4.8 من 5 نجوم,"‏50,999.00 جنيه"
إعلانإعلان,4.7 من 5 نجوم,"‏50,999.00 جنيه"
لابتوب من لينوفو، بمعالج انتل، شاشة 15.6 إنش، وذاكرة رام 16 جيجابايت,N/A,"‏36,973.00 جنيه"
لابتوب من اتش بي، بمعالج انتل، شاشة 15.6 إنش، وذاكرة رام 16 جيجابايت,N/A,"‏30,900.00 جنيه"
لابتوب من ديل، بمعالج انتل، شاشة 13.3 بوصة، وذاكرة رام 16 جيجابايت (مجدد),3.9 من 5 نجوم,"‏16,000.00 جنيه"
لابتوب ماك بوك اير 2024 13 بوصة مع شريحة M3 من آبل ذكاء آبل المدمج مع شاشة ليكويد ريتينا 13.6 بوصة، ذاكرة موحدة 16GB وذاكرة SSD 256GB، لوحة مفاتيح بإضاءة خلفية، خاصية التعرف باللمس، سبيس جراي,4.7 من 5 نجوم,"‏50,999.00 جنيه"
لابتوب من أيسر، بمعالج Choice، شاشة 15.6 إنش، وذاكرة رام 8 جيجابايت,N/A,"‏25,129.00 جنيه"
لابتوب من أسوس، بمعالج انتل، شاشة 15.6 إنش، وذاكرة رام 16 جيجابايت,3.8 من 5 نجوم,"‏62,699.25 جنيه"
لابتوب من لينوفو، بمعالج انتل، شاشة 15.6 إنش، وذاكرة رام 8 جيجابايت,4.0 من 5 نجوم,"‏19,900.00 جنيه"
لابتوب من اتش بي، بمعالج انتل، شاشة 12 إنش، وذاكرة رام 8 جيجابايت,5.0 من 5 نجوم,"‏17,780.00 جنيه"
,4.2 من 5 نجوم,"‏29,823.44 جنيه"
لابتوب من ديل، بمعالج انتل، شاشة 12.5 بوصة، وذاكرة رام 8 جيجابايت,N/A,"‏14,000.00 جنيه"
"HP لاب توب 15.6 inches,1 تيرابايت,رام 4 جيجابايت,انتل كور اي3,ويندوز 10,اسود - 15s-du2100TU",5.0 من 5 نجوم,N/A
لابتوب العاب اتش بي فيكتوس 15-fb2082wm - رايزن 5 8645HS احدث جيل، 8GB RAM DDR5-5600 MHz، 512GB SSD، انفيديا جيفورس RTX 4050 6GB GDDR6، شاشة 15.6 انش FHD IPS 144Hz، كيبورد باضاءة خلفية، ويندوز 11,3.7 من 5 نجوم,"‏39,250.00 جنيه"
لابتوب ليجون 7 للألعاب من لينوفو، مع معالج انتل كور i7-11800H، بطاقة رسوميات RTX 3080، وذاكرة رام سعة 16 جيجابايت، باللون الرمادي,3.9 من 5 نجوم,"‏93,399.00 جنيه"
لابتوب من اسوس، بمعالج ايه ام دي، شاشة 14 بوصة، وذاكرة رام 16 جيجابايت,N/A,"‏65,650.00 جنيه"
لابتوب من لينوفو، بمعالج انتل، شاشة 16 بوصة، وذاكرة رام 16 جيجابايت,3.9 من 5 نجوم,"‏67,900.00 جنيه"
لابتوب من ديل، بمعالج انتل، شاشة 15.6 بوصة، وذاكرة رام 8 جيجابايت,3.5 من 5 نجوم,"‏28,400.00 جنيه"
إعلانإعلان,4.6 من 5 نجوم,"‏78,750.00 جنيه"
إعلانإعلان,4.7 من 5 نجوم,"‏55,000.00 جنيه"
إعلانإعلان,4.8 من 5 نجوم,"‏54,993.00 جنيه"
إعلانإعلان,4.5 من 5 نجوم,"‏61,950.00 جنيه"
,4.7 من 5 نجوم,"‏51,500.00 جنيه"
لابتوب من اتش بي، بمعالج انتل، شاشة 15.6 بوصة، وذاكرة رام 16 جيجابايت,4.4 من 5 نجوم,"‏43,000.00 جنيه"
لابتوب من لينوفو، بمعالج AMD، شاشة 15.6 إنش، وذاكرة رام 8 جيجابايت,4.0 من 5 نجوم,"‏17,171.50 جنيه"
لابتوب من لينوفو، بمعالج AMD، شاشة 15.6 إنش، وذاكرة رام 8 جيجابايت,N/A,"‏17,102.00 جنيه"
لابتوب من لينوفو، بمعالج انتل، شاشة 15.6 إنش، وذاكرة رام 16 جيجابايت,3.9 من 5 نجوم,"‏57,679.00 جنيه"
لابتوب من اتش بي، بمعالج ايه ام دي، شاشة 15.6 إنش، وذاكرة رام 16 جيجابايت,3.7 من 5 نجوم,"‏39,999.00 جنيه"
لابتوب من لينوفو، بمعالج انتل، شاشة 14 بوصة، وذاكرة رام 8 جيجابايت,4.3 من 5 نجوم,"‏34,726.00 جنيه"
لابتوب من اتش بي، بمعالج انتل، شاشة 14 إنش، وذاكرة رام 16 جيجابايت,4.3 من 5 نجوم,"‏46,500.00 جنيه"
,4.7 من 5 نجوم,"‏42,538.48 جنيه"
لابتوب من ديل، بمعالج انتل، شاشة 15.6 إنش، وذاكرة رام 16 جيجابايت,3.5 من 5 نجوم,"‏37,999.00 جنيه"
لابتوب من لينوفو، بمعالج انتل، شاشة 15.6 إنش، وذاكرة رام 8 جيجابايت,3.2 من 5 نجوم,"‏25,486.25 جنيه"
لابتوب من أسوس، بمعالج انتل، شاشة 16 إنش، وذاكرة رام 8 جيجا,N/A,"‏41,999.00 جنيه"
لاب توب لاتيتيود 5420 للأعمال، شاشة 14 بوصة FHD (1920 × 1080)، انتل i5-1145G7، ذاكرة RAM 16GB، SSD 512GB، لوحة مفاتيح أمريكي، ويندوز 10 برو من ديل (مجدد),3.6 من 5 نجوم,"‏25,000.00 جنيه"
ديل لاب توب فوسترو 3530 N3404PVNB3530U08 i5-1334U 16GB 512SSD 15.6 انش FHD W11P -CNT009,N/A,"‏28,999.00 جنيه"
لابتوب من ديل، بمعالج انتل، شاشة 15.6 إنش، وذاكرة رام 8 جيجابايت,N/A,"‏27,999.00 جنيه"
لابتوب من لينوفو، بمعالج انتل، شاشة 15.6 إنش، وذاكرة رام 16 جيجابايت,2.9 من 5 نجوم,"‏32,770.00 جنيه"
لابتوب من ام اس اي، بمعالج ايه ام دي، شاشة 14 بوصة، وذاكرة رام 8 جيجابايت,4.3 من 5 نجوم,"‏20,999.00 جنيه"
لاب توب ديل بريسيجن 7540 وورك ستيشن بشاشة 15.6 بوصة FHD ومعالج انتل كور i7-9750H الجيل التاسع وذاكرة رام 32GB وSSD 512GB وانفيديا كوادرو T1000 وويندوز 10 برو (مجدد),4.6 من 5 نجوم,"‏33,800.00 جنيه"
لابتوب من لينوفو، بمعالج انتل، شاشة 16 بوصة، وذاكرة رام 16 جيجابايت,3.9 من 5 نجوم,"‏80,050.00 جنيه"
,4.6 من 5 نجوم,"‏48,000.00 جنيه"
لابتوب من لينوفو، بمعالج AMD، شاشة 15.6 إنش، وذاكرة رام 16 جيجابايت,3.4 من 5 نجوم,"‏38,150.00 جنيه"
لابتوب من لينوفو، بمعالج AMD، شاشة 15.6 إنش، وذاكرة رام 32 جيجابايت,2.3 من 5 نجوم,"‏89,609.00 جنيه"
لاب توب انسبيرون 3520 بشاشة FHD مقاس 15.6 بوصة ومعالج انتل كور i3-1215U وذاكرة رام 8 جيجا وSSD 512 جيجا وويندوز 11 (مع قماش من المايكروفايبر) من ديل - أسود كربوني,4.5 من 5 نجوم,"‏21,999.00 جنيه"
لابتوب من اتش بي، بمعالج انتل، شاشة 15.6 بوصة، وذاكرة رام 16 جيجابايت,N/A,"‏48,650.00 جنيه"
لابتوب من ديل، بمعالج انتل، شاشة 14 بوصة، وذاكرة رام 16 جيجابايت,3.5 من 5 نجوم,"‏19,000.00 جنيه"
لابتوب من لينوفو، بمعالج انتل، شاشة 15.6 بوصة، وذاكرة رام 8 جيجابايت,3.8 من 5 نجوم,"‏36,677.00 جنيه"
لابتوب من ديل، بمعالج انتل، شاشة 15.6 بوصة، وذاكرة رام 8 جيجابايت,3.2 من 5 نجوم,"‏33,301.95 جنيه"
لاب توب اتش بي فيكتس انتل i5-13500H جيل 13/12 نواة/ذاكرة GDDR6 6 جيجا/انفيديا جي فورس RTX 4050/رام 16/SSD 512/شاشة 15.6 بوصة 1920×1080 144 هرتز IPS/لوحة مفاتيح بإضاءة خلفية، ميكا سيلفر 15-fa1018nia,N/A,"‏47,650.00 جنيه"
,3.0 من 5 نجوم,"‏60,800.00 جنيه"
لابتوب من ايسر، بمعالج AMD، شاشة 15.6 إنش، وذاكرة رام 8 جيجابايت,1.0 من 5 نجوم,"‏29,700.00 جنيه"
ديل لاب توب فوسترو 3530 N3404PVNB3530U03 i5-1334U 32GB 512SSD 15.6 FHD فري دوس -CNT004,5.0 من 5 نجوم,"‏39,999.00 جنيه"
لاب توب خفيف 13.3 بوصة 2015 – معالج قوي الجيل الخامس – رام 4GB – SSD 128GB – إضاءة خلفية – نظام تشغيل سريع – مستعمل بحالة ممتازة,N/A,"‏10,000.00 جنيه"
إعلانإعلان,3.8 من 5 نجوم,"‏53,950.00 جنيه"
إعلانإعلان,5.0 من 5 نجوم,"‏59,950.00 جنيه"
إعلانإعلان,4.8 من 5 نجوم,"‏47,990.00 جنيه"
إعلانإعلان,4.9 من 5 نجوم,"‏59,750.00 جنيه"
إعلانإعلان,1.0 من 5 نجوم,"‏46,888.00 جنيه"
إعلانإعلان,N/A,"‏145,999.00 جنيه"
إعلانإعلان,4.8 من 5 نجوم,"‏54,999.00 جنيه"
إعلانإعلان,4.8 من 5 نجوم,"‏50,999.00 جنيه"
لاب توب ديل لاتيتيود 5400 - انتل كور i5 -8265u، 1 تيرابايت، ذاكرة الرام 8 جيجابايت، مقاس الشاشة 14 بوصة، معالج الرسومات انتل الترا اتش دي 620، اوبنتو لون اسود,4.1 من 5 نجوم,"‏17,000.00 جنيه"
لابتوب من ايسر، بمعالج AMD، شاشة 15.6 إنش، وذاكرة رام 8 جيجابايت,1.0 من 5 نجوم,"‏29,700.00 جنيه"
لابتوب من اتش بي، بمعالج انتل، شاشة 16 بوصة، وذاكرة رام 32 جيجابايت,3.7 من 5 نجوم,"‏96,750.00 جنيه"
لابتوب من لينوفو، بمعالج AMD، شاشة 15.6 إنش، وذاكرة رام 8 جيجابايت,4.0 من 5 نجوم,"‏17,171.50 جنيه"
لابتوب من لينوفو، بمعالج انتل، شاشة 16 بوصة، وذاكرة رام 16 جيجابايت,4.0 من 5 نجوم,"‏48,500.00 جنيه"
لابتوب من لينوفو، بمعالج انتل، شاشة 16 بوصة، وذاكرة رام 16 جيجابايت,3.9 من 5 نجوم,"‏80,050.00 جنيه"
,4.6 من 5 نجوم,"‏48,000.00 جنيه"
لابتوب من لينوفو، بمعالج AMD، شاشة 15.6 إنش، وذاكرة رام 8 جيجابايت,N/A,"‏17,550.46 جنيه"
,4.7 من 5 نجوم,"‏51,500.00 جنيه"
لاب توب خفيف 13.3 بوصة 2015 – معالج قوي الجيل الخامس – رام 4GB – SSD 128GB – إضاءة خلفية – نظام تشغيل سريع – مستعمل بحالة ممتازة,N/A,"‏10,000.00 جنيه"
,3.0 من 5 نجوم,"‏60,800.00 جنيه"
لابتوب من اتش بي، بمعالج انتل، شاشة 15.6 إنش، وذاكرة رام 16 جيجابايت,5.0 من 5 نجوم,"‏64,999.00 جنيه"
لابتوب ليجن برو 5 من لينوفو، انتل كور i7-13700HX، 16 جيجا DDR5-4800، شاشة 16 بوصة دقة 2.2k بدرجة حماية من الماء 500 ، ذاكرة 1 تيرا SSD، ويندوز 11 هوم (82WK00M5ED),3.9 من 5 نجوم,"‏77,999.00 جنيه"
لابتوب من لينوفو، بمعالج انتل، شاشة 15.6 بوصة، وذاكرة رام 8 جيجابايت,3.8 من 5 نجوم,"‏36,677.00 جنيه"
لاب توب فيكتوس للألعاب من اتش بي، موديل (15-fa1111ne)، وحدة المعالجة المركزية: انتل كور i7-13700H، ذاكرة DDR4 بسعة 16 جيجابايت 2 دي ام 3200، بطاقة رسومات: بطاقة الرسومات انفيديا جي فورس RTX 40، ذاكرة,3.9 من 5 نجوم,"‏48,444.00 جنيه"
لابتوب من ديل، بمعالج انتل، شاشة 14 بوصة، وذاكرة رام 8 جيجابايت,N/A,"‏35,555.00 جنيه"
إعلانإعلان,4.8 من 5 نجوم,"‏47,990.00 جنيه"
إعلانإعلان,3.8 من 5 نجوم,"‏53,950.00 جنيه"
إعلانإعلان,4.6 من 5 نجوم,"‏78,750.00 جنيه"
إعلانإعلان,5.0 من 5 نجوم,"‏59,950.00 جنيه"
لابتوب من اتش بي، بمعالج انتل، شاشة 15.6 بوصة، وذاكرة رام 16 جيجابايت,N/A,"‏48,650.00 جنيه"
لابتوب من اسوس، بمعالج AMD، شاشة 15.6 إنش، وذاكرة رام 16 جيجابايت,1.0 من 5 نجوم,"‏47,898.25 جنيه"
لابتوب من ديل، بمعالج انتل، شاشة 14 بوصة، وذاكرة رام 16 جيجابايت,3.5 من 5 نجوم,"‏19,000.00 جنيه"
لابتوب من ديل، بمعالج انتل، شاشة 15.6 إنش، وذاكرة رام 8 جيجابايت,3.8 من 5 نجوم,"‏25,000.00 جنيه"
"Apple 2024 13"" MacBook Air Laptop mit M3 Chip: 13.6"" Liquid Retina Display, 8GB gemeinsamer Arbeitsspeicher, 512GB SSD Speicher, beleuchtete Tastatur, 1080p FaceTime HD Camera, Touch ID, Space Grau",4.9 من 5 نجوم,"‏59,750.00 جنيه"
لابتوب من لينوفو، بمعالج انتل، شاشة 14 بوصة، وذاكرة رام 8 جيجابايت,3.9 من 5 نجوم,"‏31,900.00 جنيه"
,4.7 من 5 نجوم,"‏42,538.48 جنيه"
لابتوب من اتش بي، بمعالج انتل، شاشة 15.6 بوصة، وذاكرة رام 16 جيجابايت,3.9 من 5 نجوم,"‏52,700.00 جنيه"
لابتوب من لينوفو، بمعالج AMD، شاشة 15.6 إنش، وذاكرة رام 8 جيجابايت,N/A,"‏23,300.00 جنيه"
لينوفو لابتوب ثينك باد E14 الجيل الخامس 14 انش WUXGA انتل كور i7 1355U ذاكرة رام 24 جيجا (16 + 8 ملحوم) 512 اس دي ويندوز 11 برو اسود (21JKCTO1WWCA1),N/A,"‏58,042.00 جنيه"
,3.4 من 5 نجوم,"‏19,550.00 جنيه"
لابتوب العاب اومن 16-k0033dx - انتل كور i9-12900H الجيل 12 وRAM DDR5 16GB وSSD 1TB 16.1 بوصة QHD (2560x1440) 165Hz IPS 300من اتش بي، انفيديا جيفورس RTX 3060 6GB GDDR6، اضاءة خلفية RGB 4Z، ويندوز 11,3.7 من 5 نجوم,"‏68,900.00 جنيه"
لابتوب من لينوفو، بمعالج انتل، شاشة 16 بوصة، وذاكرة رام 16 جيجابايت,3.9 من 5 نجوم,"‏79,999.00 جنيه"
لابتوب من اتش بي، بمعالج انتل، شاشة 15.6 إنش، وذاكرة رام 16 جيجابايت,3.9 من 5 نجوم,"‏46,333.00 جنيه"
لابتوب من ديل، بمعالج انتل، شاشة 15.6 إنش، وذاكرة رام 16 جيجابايت,5.0 من 5 نجوم,"‏46,808.47 جنيه"
لابتوب من لينوفو، بمعالج انتل، شاشة 16 بوصة، وذاكرة رام 16 جيجابايت,3.3 من 5 نجوم,"‏59,999.00 جنيه"
لاب توب اتش بي فيكتس انتل i5-13500H جيل 13/12 نواة/ذاكرة GDDR6 6 جيجا/انفيديا جي فورس RTX 4050/رام 16/SSD 512/شاشة 15.6 بوصة 1920×1080 144 هرتز IPS/لوحة مفاتيح بإضاءة خلفية، ميكا سيلفر 15-fa1018nia,N/A,"‏47,650.00 جنيه"
لابتوب من أسوس، بمعالج انتل، شاشة 16 بوصة، وذاكرة رام 16 جيجابايت,5.0 من 5 نجوم,"‏69,399.00 جنيه"
لابتوب من ديل، بمعالج انتل، شاشة 15.6 إنش، وذاكرة رام 16 جيجابايت,N/A,"‏33,999.00 جنيه"
لابتوب ثينك باد E16 الجيل الأول للمنزل والعمل من لينوفو (انتل i7-1355U 10-كور، شاشة 16 بوصة 60 هرتز UXGA (1920x1200)، ايريس Xe، ذاكرة RAM 40GB، 1TB M.2 2242 PCIe SSD، ويندوز 11 برو) مع شنطة ظهر,N/A,"‏69,982.00 جنيه"
لابتوب من ديل، بمعالج انتل، شاشة 15.6 إنش، وذاكرة رام 8 جيجابايت,4.1 من 5 نجوم,"‏79,600.00 جنيه"
لابتوب من لينوفو، بمعالج AMD، شاشة 15.6 إنش، وذاكرة رام 8 جيجابايت,4.5 من 5 نجوم,"‏39,550.00 جنيه"
لابتوب من اتش بي، بمعالج انتل، شاشة 15.6 إنش، وذاكرة رام 16 جيجابايت,4.4 من 5 نجوم,"‏47,650.00 جنيه"
,4.2 من 5 نجوم,"‏41,310.50 جنيه"
لابتوب ثينك باد E16 من لينوفو: انتل كور i5 1335U، ذاكرة رام DDR4 سعة 16 جيجابايت، هارد SSD 512 جيجابايت، شاشة LED مقاس 16 بوصة، W11P,N/A,"‏43,333.00 جنيه"
لابتوب من اتش بي، بمعالج ايه ام دي، شاشة 16.1 بوصة، وذاكرة رام 16 جيجابايت,4.2 من 5 نجوم,"‏45,406.14 جنيه"
لابتوب من لينوفو، بمعالج انتل، شاشة 15.6 إنش، وذاكرة رام 16 جيجابايت,3.2 من 5 نجوم,"‏49,888.00 جنيه"
لابتوب من أسوس، بمعالج انتل، شاشة 14 إنش، وذاكرة رام 16 جيجا,2.5 من 5 نجوم,"‏61,999.00 جنيه"
لابتوب من لينوفو، بمعالج AMD، شاشة 15.6 إنش، وذاكرة رام 16 جيجابايت,3.9 من 5 نجوم,"‏55,100.00 جنيه"
لابتوب من اتش بي، بمعالج انتل، شاشة 16.1 بوصة، وذاكرة رام 16 جيجابايت,4.2 من 5 نجوم,"‏55,700.00 جنيه"
لابتوب من ديل، بمعالج انتل، شاشة 15.6 بوصة، وذاكرة رام 8 جيجابايت,3.2 من 5 نجوم,"‏33,301.95 جنيه"
,3.0 من 5 نجوم,"‏70,900.00 جنيه"
إعلانإعلان,4.8 من 5 نجوم,"‏54,993.00 جنيه"
إعلانإعلان,4.8 من 5 نجوم,"‏47,990.00 جنيه"
إعلانإعلان,4.5 من 5 نجوم,"‏61,950.00 جنيه"
إعلانإعلان,4.9 من 5 نجوم,"‏59,750.00 جنيه"
إعلانإعلان,1.0 من 5 نجوم,"‏46,888.00 جنيه"
إعلانإعلان,N/A,"‏145,999.00 جنيه"
إعلانإعلان,4.8 من 5 نجوم,"‏54,999.00 جنيه"
إعلانإعلان,4.8 من 5 نجوم,"‏50,999.00 جنيه"
لابتوب من لينوفو، بمعالج انتل، شاشة 16 بوصة، وذاكرة رام 16 جيجابايت,5.0 من 5 نجوم,"‏59,555.00 جنيه"
لابتوب من ديل، بمعالج انتل، شاشة 14 إنش، وذاكرة رام 16 جيجابايت,4.0 من 5 نجوم,"‏57,200.00 جنيه"
لابتوب من لينوفو، بمعالج AMD، شاشة 15.6 إنش، وذاكرة رام 8 جيجابايت,3.5 من 5 نجوم,"‏23,300.00 جنيه"
لابتوب من ديل، بمعالج انتل، شاشة 15.6 إنش، وذاكرة رام 16 جيجابايت,5.0 من 5 نجوم,"‏73,000.00 جنيه"
لابتوب من ديل، بمعالج انتل، شاشة 15.6 إنش، وذاكرة رام 16 جيجابايت,5.0 من 5 نجوم,"‏46,808.47 جنيه"
لابتوب من اتش بي، بمعالج انتل، شاشة 14 بوصة، وذاكرة رام 8 جيجابايت,4.3 من 5 نجوم,N/A
لاب توب ابل ماك بوك برو 2023 بشريحة M3 معالج ثمانية النواة وجي بي يو 10 نواة: شاشة ليكويد ريتينا XDR مقاس 14.2 بوصة، ذاكرة موحدة 8GB، تخزين SSD 512GB. يعمل مع ايفون\ايباد، فضي,4.8 من 5 نجوم,"‏82,324.80 جنيه"
لابتوب من أسوس، بمعالج انتل، شاشة 16 بوصة، وذاكرة رام 16 جيجابايت,5.0 من 5 نجوم,"‏69,399.00 جنيه"
لابتوب من اتش بي، بمعالج انتل، شاشة 15.6 إنش، وذاكرة رام 16 جيجابايت,N/A,"‏46,342.00 جنيه"
لابتوب من لينوفو، بمعالج انتل، شاشة 16 بوصة، وذاكرة رام 16 جيجابايت,3.3 من 5 نجوم,"‏59,999.00 جنيه"
,3.4 من 5 نجوم,"‏19,550.00 جنيه"
لابتوب ثينك باد E16 الجيل الأول للمنزل والعمل من لينوفو (انتل i7-1355U 10-كور، شاشة 16 بوصة 60 هرتز UXGA (1920x1200)، ايريس Xe، ذاكرة RAM 40GB، 1TB M.2 2242 PCIe SSD، ويندوز 11 برو) مع شنطة ظهر,N/A,"‏69,982.00 جنيه"
لابتوب من لينوفو، بمعالج انتل، شاشة 15.6 إنش، وذاكرة رام 8 جيجابايت,4.3 من 5 نجوم,N/A
لابتوب من لينوفو، بمعالج AMD، شاشة 15.6 إنش، وذاكرة رام 8 جيجابايت,3.7 من 5 نجوم,"‏22,980.22 جنيه"
,4.7 من 5 نجوم,"‏51,850.00 جنيه"
لينوفو لابتوب العاب لوك 15IAX9 - انتل كور i5-12450HX، شريحة الذكاء الاصطناعي: LA1، 4GB GDDR6 انفيديا جيفورس RTX2050، 16GB DDR5 RAM، 512GB SSD، 15.6 انش FHD (1920x1080) IPS 100% sRGB 144Hz، ماوس RGB,5.0 من 5 نجوم,N/A
إعلانإعلان,4.8 من 5 نجوم,"‏47,990.00 جنيه"
إعلانإعلان,3.8 من 5 نجوم,"‏53,950.00 جنيه"
إعلانإعلان,4.6 من 5 نجوم,"‏78,750.00 جنيه"
إعلانإعلان,5.0 من 5 نجوم,"‏59,950.00 جنيه"
لابتوب العاب اومن 16-k0033dx - انتل كور i9-12900H الجيل 12 وRAM DDR5 16GB وSSD 1TB 16.1 بوصة QHD (2560x1440) 165Hz IPS 300من اتش بي، انفيديا جيفورس RTX 3060 6GB GDDR6، اضاءة خلفية RGB 4Z، ويندوز 11,3.7 من 5 نجوم,"‏68,900.00 جنيه"
لابتوب ماك بوك اير 2025 13 بوصة مع شريحة M4 من ابل: بشاشة ليكويد ريتينا 13.6 بوصة مصممة لجهاز آبل الذكي وذاكرة موحدة 16GB وتخزين SSD 512GB وكاميرا مركزية 12MP وخاصية التعرف باللمس، لون ميدنايت,4.7 من 5 نجوم,"‏65,950.00 جنيه"
لابتوب من ديل، بمعالج انتل، شاشة 15.6 إنش، وذاكرة رام 8 جيجابايت,4.1 من 5 نجوم,"‏79,600.00 جنيه"
لابتوب ليجن برو 5 من لينوفو، انتل كور i7-13700HX، 16 جيجا DDR5-4800، شاشة 16 بوصة دقة 2.2k بدرجة حماية من الماء 500 ، ذاكرة 1 تيرا SSD، ويندوز 11 هوم (82WK00M5ED),3.9 من 5 نجوم,"‏77,999.00 جنيه"
لابتوب من اتش بي، بمعالج انتل، شاشة 14 إنش، وذاكرة رام 8 جيجابايت,4.3 من 5 نجوم,N/A
لابتوب ألعاب ال او كيو 15IRX9 لينوفو جيل 14i7-14700HX شريحة ايه اي: LA1 انفيديا جي فورس/RTX 4060 8GB GDDR6 RAM DDR5-5600 16GB/SSD 1TB/شاشة FHD 15.6 بوصة 1920×1080 IPS 300nits 144Hz 100% sRGB/ويندوز 11,5.0 من 5 نجوم,N/A
لابتوب ثينك باد E16 من لينوفو: انتل كور i5 1335U، ذاكرة رام DDR4 سعة 16 جيجابايت، هارد SSD 512 جيجابايت، شاشة LED مقاس 16 بوصة، W11P,N/A,"‏43,333.00 جنيه"
لابتوب من لينوفو، بمعالج انتل، شاشة 15.6 إنش، وذاكرة رام 16 جيجابايت,3.2 من 5 نجوم,"‏49,888.00 جنيه"
لابتوب من اتش بي، بمعالج انتل، شاشة 16.1 بوصة، وذاكرة رام 16 جيجابايت,4.2 من 5 نجوم,"‏89,600.00 جنيه"
لابتوب من اتش بي، بمعالج انتل، شاشة 15.6 إنش، وذاكرة رام 16 جيجابايت,3.9 من 5 نجوم,"‏46,333.00 جنيه"
لابتوب من ديل، بمعالج انتل، شاشة 15.6 إنش، وذاكرة رام 8 جيجابايت,3.4 من 5 نجوم,"‏35,600.00 جنيه"
لابتوب من اتش بي، بمعالج انتل، شاشة 15.6 إنش، وذاكرة رام 8 جيجابايت,N/A,"‏32,200.00 جنيه"
لابتوب من لينوفو، بمعالج AMD، شاشة 15.6 إنش، وذاكرة رام 8 جيجابايت,4.5 من 5 نجوم,"‏39,550.00 جنيه"
لابتوب من لينوفو، بمعالج AMD، شاشة 15.6 إنش، وذاكرة رام 8 جيجابايت,4.0 من 5 نجوم,"‏27,150.00 جنيه"
,4.2 من 5 نجوم,"‏41,310.50 جنيه"
,5.0 من 5 نجوم,"‏93,397.43 جنيه"
لابتوب من اتش بي، بمعالج انتل، شاشة 15.6 إنش، وذاكرة رام 16 جيجابايت,4.4 من 5 نجوم,"‏47,650.00 جنيه"
لابتوب من لينوفو، بمعالج انتل، شاشة 16 بوصة، وذاكرة رام 32 غيغابايت,3.3 من 5 نجوم,"‏47,777.00 جنيه"
لابتوب من اتش بي، بمعالج ايه ام دي، شاشة 15.6 إنش، وذاكرة رام 16 جيجابايت,3.8 من 5 نجوم,N/A
ابل ماك بوك برو 2023 14 انش شريحة M3 مع وحدة معالجة مركزية ثمانية النواة ووحدة رسومات جرافيكية 10 انوية ذاكرة موحدة 8GB 512GB - رمادي فلكي؛ انجليزي,5.0 من 5 نجوم,"‏74,400.00 جنيه"
لابتوب من ام اس اي، بمعالج انتل، شاشة 15.6 إنش، وذاكرة رام 16 جيجابايت,N/A,"‏71,349.00 جنيه"
لابتوب من اسوس، بمعالج انتل، شاشة 14 بوصة، وذاكرة رام 16 جيجابايت,2.5 من 5 نجوم,"‏76,289.00 جنيه"
لابتوب من لينوفو، بمعالج انتل، شاشة 16 إنش، وذاكرة رام 16 جيجابايت,3.9 من 5 نجوم,"‏75,473.31 جنيه"
لاب توب زد بوك اتش بي 049 باور G7 بشاشة 15.6 بوصة FHD ومعالج انتل كور i7 - 10750 وذاكرة RAM 16 جيجا وSSD 512 ، بطاقة رسومات كوادرو 6 وUSB نوع C 3.0 وميكروفون وكاميرا ويب ويندوز 10 برو,N/A,"‏63,000.00 جنيه"
لابتوب من اتش بي، بمعالج ايه ام دي، شاشة 16.1 بوصة، وذاكرة رام 16 جيجابايت,4.2 من 5 نجوم,"‏45,406.14 جنيه"
لابتوب ألعاب لوك لينوفو/انتل كور i7-13650HX/15IRX9/شريحة LA1|رام DDR5 24 |SSD 512 جيجا|انفيديا جي فورس RTX 4050 GDDR6 6|15.6 بوصة FHD (1920×1080) IPS 144 هرتز|sRGB 100%|إضاءة خلفية|رمادي (لونا جراي),N/A,"‏54,390.00 جنيه"
لابتوب من أسوس، بمعالج انتل، شاشة 14 إنش، وذاكرة رام 16 جيجا,2.5 من 5 نجوم,"‏61,999.00 جنيه"
لابتوب من ديل، بمعالج انتل، شاشة 15.6 بوصة، وذاكرة رام 8 جيجابايت,3.2 من 5 نجوم,"‏33,301.95 جنيه"
جهاز ماك بوك برو 2024 من آبل (مقاس 14 بوصة، شريحة آبل M4 برو بوحدة معالجة مركزية 12 نواة ووحدة معالجة رسومات 16 نواة، ذاكرة موحدة 24 جيجابايت، تخزين 512 جيجابايت)، أسود سبيس,4.3 من 5 نجوم,"‏102,750.00 جنيه"
لابتوب من اتش بي، بمعالج انتل، شاشة 16.1 بوصة، وذاكرة رام 16 جيجابايت,4.2 من 5 نجوم,"‏55,700.00 جنيه"
لابتوب من اتش بي، بمعالج انتل، شاشة 15.6 بوصة، وذاكرة رام 8 جيجابايت,3.9 من 5 نجوم,"‏47,650.00 جنيه"
,3.0 من 5 نجوم,"‏70,900.00 جنيه"
إعلانإعلان,4.8 من 5 نجوم,"‏54,993.00 جنيه"
إعلانإعلان,4.8 من 5 نجوم,"‏47,990.00 جنيه"
إعلانإعلان,4.5 من 5 نجوم,"‏61,950.00 جنيه"
إعلانإعلان,4.9 من 5 نجوم,"‏59,750.00 جنيه"
إعلانإعلان,1.0 من 5 نجوم,"‏46,888.00 جنيه"
إعلانإعلان,N/A,"‏145,999.00 جنيه"
إعلانإعلان,4.8 من 5 نجوم,"‏54,999.00 جنيه"
إعلانإعلان,4.8 من 5 نجوم,"‏50,999.00 جنيه"
لابتوب من اتش بي، بمعالج انتل، شاشة 15.6 إنش، وذاكرة رام 16 جيجابايت,3.9 من 5 نجوم,"‏46,333.00 جنيه"
لابتوب ألعاب ال او كيو 15IRX9 لينوفو جيل 14i7-14700HX شريحة ايه اي: LA1 انفيديا جي فورس/RTX 4060 8GB GDDR6 RAM DDR5-5600 16GB/SSD 1TB/شاشة FHD 15.6 بوصة 1920×1080 IPS 300nits 144Hz 100% sRGB/ويندوز 11,5.0 من 5 نجوم,N/A
لابتوب من ام اس اي، بمعالج انتل، شاشة 15.6 إنش، وذاكرة رام 16 جيجابايت,N/A,"‏71,349.00 جنيه"
لابتوب من اتش بي، بمعالج انتل، شاشة 14 إنش، وذاكرة رام 8 جيجابايت,4.3 من 5 نجوم,N/A
لابتوب من لينوفو، بمعالج انتل، شاشة 16 إنش، وذاكرة رام 16 جيجابايت,3.9 من 5 نجوم,"‏75,473.31 جنيه"
لاب توب زد بوك اتش بي 049 باور G7 بشاشة 15.6 بوصة FHD ومعالج انتل كور i7 - 10750 وذاكرة RAM 16 جيجا وSSD 512 ، بطاقة رسومات كوادرو 6 وUSB نوع C 3.0 وميكروفون وكاميرا ويب ويندوز 10 برو,N/A,"‏63,000.00 جنيه"
لابتوب من لينوفو، بمعالج AMD، شاشة 16 إنش، وذاكرة رام 16 جيجابايت,3.9 من 5 نجوم,N/A
"Apple 2024 MacBook Pro Laptop with M4 Max, 14‑core CPU, 32‑core GPU: Built for Apple Intelligence, 16.2-inch Liquid Retina XDR Display, 36GB Unified Memory, 1TB SSD Storage; Space Black",4.8 من 5 نجوم,"‏204,999.00 جنيه"
لابتوب من أسوس، بمعالج انتل، شاشة 14 إنش، وذاكرة رام 16 جيجا,2.5 من 5 نجوم,"‏61,999.00 جنيه"
لابتوب من اتش بي، بمعالج انتل، شاشة 15.6 إنش، وذاكرة رام 16 جيجابايت,4.4 من 5 نجوم,"‏47,650.00 جنيه"
لابتوب من اتش بي، بمعالج انتل، شاشة 16.1 بوصة، وذاكرة رام 16 جيجابايت,4.2 من 5 نجوم,"‏49,650.00 جنيه"
لابتوب من لينوفو، بمعالج انتل، شاشة 15.6 إنش، وذاكرة رام 8 جيجابايت,3.7 من 5 نجوم,"‏24,999.00 جنيه"
لابتوب من اتش بي، بمعالج انتل، شاشة 15.6 بوصة، وذاكرة رام 16 جيجابايت,3.9 من 5 نجوم,"‏69,889.00 جنيه"
جهاز ماك بوك برو 2024 من آبل (مقاس 14 بوصة، شريحة آبل M4 برو بوحدة معالجة مركزية 12 نواة ووحدة معالجة رسومات 16 نواة، ذاكرة موحدة 24 جيجابايت، تخزين 512 جيجابايت)، أسود سبيس,4.3 من 5 نجوم,"‏102,750.00 جنيه"
لابتوب ألعاب لوك لينوفو/انتل كور i7-13650HX/15IRX9/شريحة LA1|رام DDR5 24 |SSD 512 جيجا|انفيديا جي فورس RTX 4050 GDDR6 6|15.6 بوصة FHD (1920×1080) IPS 144 هرتز|sRGB 100%|إضاءة خلفية|رمادي (لونا جراي),N/A,"‏54,390.00 جنيه"
لابتوب من ديل، بمعالج انتل، شاشة 15.6 بوصة، وذاكرة رام 8 جيجابايت,3.2 من 5 نجوم,"‏33,301.95 جنيه"
إعلانإعلان,4.8 من 5 نجوم,"‏47,990.00 جنيه"
إعلانإعلان,3.8 من 5 نجوم,"‏53,950.00 جنيه"
إعلانإعلان,4.6 من 5 نجوم,"‏78,750.00 جنيه"
إعلانإعلان,5.0 من 5 نجوم,"‏59,950.00 جنيه"
لابتوب من اتش بي، بمعالج ايه ام دي، شاشة 16.1 بوصة، وذاكرة رام 16 جيجابايت,4.2 من 5 نجوم,"‏45,406.14 جنيه"
لابتوب من لينوفو، بمعالج AMD، شاشة 15.6 إنش، وذاكرة رام 16 جيجابايت,3.9 من 5 نجوم,"‏55,100.00 جنيه"
لابتوب من اتش بي، بمعالج انتل، شاشة 15.6 بوصة، وذاكرة رام 8 جيجابايت,3.9 من 5 نجوم,"‏47,650.00 جنيه"
لابتوب من اتش بي، بمعالج انتل، شاشة 16.1 بوصة، وذاكرة رام 16 جيجابايت,4.2 من 5 نجوم,"‏55,700.00 جنيه"
,3.0 من 5 نجوم,"‏70,900.00 جنيه"
لابتوب من لينوفو، بمعالج انتل، شاشة 16 بوصة، وذاكرة رام 8 جيجابايت,3.3 من 5 نجوم,"‏54,444.00 جنيه"
حامل لابتوب قابل للتعديل، حامل لابتوب محمول من الالومنيوم للمكتب، حامل دعم تبريد قابل للطي وجيد التهوية لاجهزة ابل ماك بوك برو/اير، اتش بي، سوني، ديل، والمزيد 10-15.6 انش,4.0 من 5 نجوم,‏118.00 جنيه
لابتوب من لينوفو، بمعالج AMD، شاشة 15.6 إنش، وذاكرة رام 8 جيجابايت,3.8 من 5 نجوم,N/A
لاب توب لينوفو ثينك باد E16 شاشة 16 بوصة IPS WUXGA (انتل i5-1335U، ذاكرة RAM 16GB، SSD 1TB، انتل ايريس Xe، كيبورد بإضاءة وقارئ بصمات ثاندربولت 4 وكاميرا ويب HD وواي فاي 6 وويندوز 11 برو) مع موزع DKZ,3.3 من 5 نجوم,"‏47,777.00 جنيه"
لابتوب من لينوفو، بمعالج انتل، شاشة 15.6 إنش، وذاكرة رام 16 جيجابايت,3.8 من 5 نجوم,N/A
حامل لاب توب من باباكوم بارتفاع قابل للتعديل من 9 مستويات، ألومنيوم قابل للطي، حامل نوت بوك محمول متوافق مع ماك بوك برو اير ولاب توب ديل ولينوفو وتابلت 10-15.6 بوصة (فضي),4.1 من 5 نجوم,‏114.00 جنيه
بادة ماوس مربعة بحافة مخيطة من نسيج فاخر قابلة للغسل مع قماش ليكرا مطاطية وغير قابلة للانزلاق للاب توب والكمبيوتر الشخصي من اتنريسيت، مقاس 26 × 21 × 1 سم، متعددة الألوان,4.1 من 5 نجوم,‏51.10 جنيه
حامل لاب توب بست زوايا قابلة للتعديل من الألومنيوم متوافق مع ماك بوك وايباد واتش بي وديل ولينوفو 10 15.6 - فضي، I فولر,3.8 من 5 نجوم,‏118.00 جنيه
هارد SSD كيو في او ساتا 2.5 بوصة سعة 1 تيرابايت من سامسونج - 870,4.8 من 5 نجوم,"‏3,779.00 جنيه"
شنطة ظهر للاب توب مقاومة للماء من اركتيك هانتر 15.6 بوصة مصنوعة البوليستر مناسبة للسفر للرجال والنساء B00529,4.6 من 5 نجوم,"‏1,455.00 جنيه"
ستيكر لاصق فينيل ثلاثي الأبعاد للابتوب من واي ام سكتش مقاس 6×6 سم قطعة واحدة سهل التقشير واللصق هدية للكلية والمكتب والفنانين والطلاب والسيارة والنوت بوك واللابتوب والثلاجة ولوح التزلج,4.8 من 5 نجوم,‏52.00 جنيه
قاعدة تبريد لاب توب لوحية بـ 5 مراوح (1×120 ملم 4×80 ملم) بتصميم مروحة صامتة ومنفذ طاقة USB وجيجاماكس GM88,5.0 من 5 نجوم,‏441.00 جنيه
شنطة لاب توب مقاومة للماء بيد للحمل من رحالة، مناسبة للعمل، مقاس 15.6 بوصة، موديل RS-SetB، أسود,4.3 من 5 نجوم,‏747.00 جنيه
"حقيبة كاجوال للبالغين من الجنسين لاب توب لود لينوفو T210 لاجهزة مقاس 15.6 بوصة ، حافظة صدفية طاردة للماء - رمادي, ^",4.6 من 5 نجوم,"‏1,239.00 جنيه"
,4.0 من 5 نجوم,‏114.00 جنيه
حقيبة مودرن للجنسين لجهاز اللاب توب من كيس لوجيك بحجم 15.6 انش - اسود، VNAI215,4.4 من 5 نجوم,‏951.00 جنيه
حامل لاب توب وتابلت مريح محمول قابل للطي والتعديل بـ6 زوايا من الالومنيوم، متوافق مع ماك بوك، ايباد، اتش بي، ديل، لينوفو 10-15.6 بوصة من ايفوليه - رمادي، من I فولر,3.8 من 5 نجوم,‏170.00 جنيه
حافظة لاب توب 14 - 15 بوصة مقاومة للماء لايسر كروم بوك ، اتش بي ستريم لينوفو S330 ال جي جرام بولي يوريثين لديل ايسر توشيبا رمادي,3.7 من 5 نجوم,‏159.95 جنيه
ستيكر لاصق من الفينيل بتصميم جميل مقاوم للماء بتصميم متين وقابل لاعادة الاستخدام من لودينج بينجوين ميمي,N/A,‏40.00 جنيه
شنطة يد مقاومة للماء لحماية اللاب توب بحجم 15.6 بوصة من رحالة RS-005 زهري للبالغين الجنسين,4.6 من 5 نجوم,‏483.00 جنيه
شنطة ظهر رفيعة للنساء من شانتريا - شنطة لابتوب خفيفة الوزن 13 لتر 15.6 مع قلادة على شكل زهرة ومقبض ناعم - انيقة وعملية للتسوق والمكتب والكلية CB00639 - كشمير,4.7 من 5 نجوم,"‏1,785.00 جنيه"
شنطة ظهر للاب توب والمدرسة للرجال من بانج، اسود، 019، مقاس M,4.0 من 5 نجوم,‏675.00 جنيه
ستيكر لاصق لاختصارات لوحة المفاتيح ودليل مرجعي للاب توب، ستيكر اختصار غير لامع- بلاستيك مغلف (شفاف مطفي/ صغير) (1),3.6 من 5 نجوم,‏99.00 جنيه
حامل لاب توب قابل للتعديل من الألمنيوم متوافق مع ماك بوك إير وبرو واي باد اير وبرو وديل واتش بي وايسر وشاومي وسيرفس ولينوفو من فوكار,4.5 من 5 نجوم,‏192.00 جنيه
شنطة ظهر للاب توب مقاس 15.6 بوصة من ان اليجانس مدرسية بسعة كبيرة منفذ شحن USB مقاومة للماء - اسود 14,4.3 من 5 نجوم,‏699.00 جنيه
شنطة ظهر للابتوب للسفر للرجال من اركتيك هانتر، سعة 21 لتر، مناسبة للابتوب مقاس 15.6 بوصة مع جيب للتابلت مقاس 10.9 بوصة، شنطة ظهر مقاومة للماء للعمل والمكتب من الجلد والبوليستر بجيب بسوستة,4.6 من 5 نجوم,"‏1,977.00 جنيه"
حامل لابتوب دوار للمكتب كمبيوتر الومنيوم بارتفاع قابل للتعديل مع قاعدة دوارة 360 درجة رافع مريح للطي محمول متوافق ماك بوك جميع اجهزة اللابتوب 10-17 انش رمادي,4.3 من 5 نجوم,‏590.00 جنيه
إعلانإعلان,4.8 من 5 نجوم,"‏54,993.00 جنيه"
إعلانإعلان,4.8 من 5 نجوم,"‏47,990.00 جنيه"
إعلانإعلان,4.5 من 5 نجوم,"‏61,950.00 جنيه"
إعلانإعلان,4.9 من 5 نجوم,"‏59,750.00 جنيه"
إعلانإعلان,1.0 من 5 نجوم,"‏46,888.00 جنيه"
إعلانإعلان,N/A,"‏145,999.00 جنيه"
إعلانإعلان,4.8 من 5 نجوم,"‏54,999.00 جنيه"
إعلانإعلان,4.8 من 5 نجوم,"‏50,999.00 جنيه"
حامل لابتوب دوار للمكتب كمبيوتر الومنيوم بارتفاع قابل للتعديل مع قاعدة دوارة 360 درجة رافع مريح للطي محمول متوافق ماك بوك جميع اجهزة اللابتوب 10-17 انش رمادي,4.3 من 5 نجوم,‏590.00 جنيه
شنطة ظهر للاب توب مقاس 15.6 بوصة من ان اليجانس مدرسية بسعة كبيرة منفذ شحن USB مقاومة للماء - اسود 14,4.3 من 5 نجوم,‏699.00 جنيه
وسادة مكتب جلدية واقية، قاعدة ماوس، وسادة مكتب، وسادة مكتب من جلد البولي يوريثين غير قابلة للانزلاق، وسادة مكتب لابتوب، وسادة كتابة مكتبية مقاومة للماء للمكتب والمنزل (رمادي فاتح، 31.5 انش × 15.7 انش),4.7 من 5 نجوم,‏199.00 جنيه
حامل لاب توب وكمبيوتر مكتبي ممن يوجرين (فضي),4.2 من 5 نجوم,‏405.00 جنيه
شنطة حمل للاب توب مقاس 15.6 بوصة، متعددة الالوان (اسود),3.5 من 5 نجوم,‏199.00 جنيه
قاعدة تبريد لاب توب - بمروحتين ضخمتين (120 ملم) - مروحة صامتة - طاقة USB - جيرتيك KL330,5.0 من 5 نجوم,‏339.00 جنيه
شنطة عمل لحمل الكمبيوتر المحمول مقاس 40 سم من كيبو لون أرجواني للبالغين الجنسين,4.5 من 5 نجوم,‏249.00 جنيه
قاعدة تبريد لاب توب لوحية بـ 4 مراوح (مروحتان × 120 ملم ومروحتان × 80 ملم) بتصميم مروحة صامتة ومنفذ طاقة USB وجيجاماكس S18 بلس,3.0 من 5 نجوم,‏659.00 جنيه
حامل قاعدة تبريد للاب توب الألعاب ICE06N، حامل قياسي - 6 مراوح ليد زرقاء وشبكة حديدية، 2 × USB، يدعم من 12 بوصة حتى 17 بوصة، لون أسود,4.0 من 5 نجوم,‏834.00 جنيه
حامل لاب توب اتش بي صغير للغاية حامل لاب توب معدني من اليفيت يور وورك سبيس,4.0 من 5 نجوم,‏225.00 جنيه
حافظة لاب توب مقاومة للماء والصدمات من شيلوري لحمل اللاب توب مقاس 14 - 15.6 بوصة - رمادي,4.4 من 5 نجوم,‏250.00 جنيه
مجموعة تنظيف إلكترونية 7 في 1، منظف لوحة مفاتيح، مجموعة تنظيف لاب توب للشاشة والموبايل، بلوتوث، سماعة رأس، ليجو، ايربودز، عدسة كاميرا اللاب توب، أسود,3.9 من 5 نجوم,‏125.00 جنيه
حافظة تابلت - شنطة ناعمة واقية لاجهزة اللابتوب والمستندات والجوالات واجهزة اللابتوب الصغيرة (25 × 30 سم) - تصميم متين ومضاد للخدش,N/A,‏249.30 جنيه
كيبل شاحن لاب توب بمنفذ USB C بقدرة 65 واط لاجهزة لينوفو ثينك باد وهواوي ميت بوك برو اير واتش بي وسبكتر واسوس وايسر وديل واكس اس وشاومي نوع سي أسود,3.8 من 5 نجوم,‏464.00 جنيه
,3.8 من 5 نجوم,‏185.00 جنيه
ستيكر لاصق فينيل ثلاثي الأبعاد للابتوب من واي ام سكتش مقاس 6×6 سم قطعة واحدة سهل التقشير واللصق هدية للكلية والمكتب والفنانين والطلاب والسيارة والنوت بوك واللابتوب والثلاجة ولوح التزلج,4.8 من 5 نجوم,‏52.00 جنيه
إعلانإعلان,4.8 من 5 نجوم,"‏47,990.00 جنيه"
إعلانإعلان,3.8 من 5 نجوم,"‏53,950.00 جنيه"
إعلانإعلان,4.6 من 5 نجوم,"‏78,750.00 جنيه"
إعلانإعلان,5.0 من 5 نجوم,"‏59,950.00 جنيه"
حافظة لاب توب 15.6 بوصة، شنطة حماية رفيعة ومضادة للصدمات متوافقة مع اتش بي 15-16 بوصة/ديل/لينوفو/اسوس/نوت بوك,4.0 من 5 نجوم,‏140.00 جنيه
حافظة لاب توب 14 - 15 بوصة مقاومة للماء لايسر كروم بوك ، اتش بي ستريم لينوفو S330 ال جي جرام بولي يوريثين لديل ايسر توشيبا رمادي,3.7 من 5 نجوم,‏159.95 جنيه
,3.8 من 5 نجوم,‏185.00 جنيه
حامل لاب توب قابل للدوران 360°، حامل سطح مكتب عالمي قابل للطي بارتفاع مريح وقابل للتعديل متوافق مع ماك بوك برو/اير نوت بوك حتى 16 بوصة من كريشو (فضي، قطعة واحدة),4.1 من 5 نجوم,‏908.74 جنيه
ملصقات لابتوب، مجموعة ستيكرات المبرمجين للابتوب والموبايل والكمبيوتر من ديزليا SSL/02,4.2 من 5 نجوم,‏169.00 جنيه
ملصقات لاب توب - SSL-10 - مجموعة عشوائية 2 - للاب والموبايل والكمبيوتر من ديزليا,5.0 من 5 نجوم,‏149.00 جنيه
حامل كمبيوتر محمول قابل للطي من لاتوب (فضي),4.5 من 5 نجوم,‏699.00 جنيه
حامل لابتوب للمكتب من اراي الومنيوم مريح وقابل للتعديل كمبيوتر قابل للطي 7 زوايا مضاد للانزلاق متوافق مع اجهزة اللابتوب مقاس 9 15.6 انش رمادي اري,4.6 من 5 نجوم,‏275.44 جنيه
ستيكر فينيل لاصق للابتوب من واي ام سكتش مقاس 6×6 سم، قطعة واحدة سهل التقشير واللصق، هدية للكلية والمكتب والفنانين والطلاب والسيارة والنوت بوك واللابتوب والثلاجة ولوح التزلج,4.4 من 5 نجوم,‏45.00 جنيه
حامل لاب توب معدني للمكتب (قطعة واحدة) - حامل لاب توب محمول للمكتب وحامل ماك بوك - حامل كمبيوتر قابل للتعديل مع واقي كابل - حامل لابتوب قابل للطي يدعم أجهزة اللابتوب والتابلت حتى 17 بوصة,4.4 من 5 نجوم,‏399.00 جنيه
,3.9 من 5 نجوم,‏235.00 جنيه
ستيكر لاصق فينيل ثلاثي الأبعاد للاب توب بتصميم علامة صه من واي ام سكتش مقاس 6×6 سم، سهل التقشير واللصق، هدية للكلية والمكتب والفنانين والطلاب والنوت بوك واللابتوب والثلاجة ولوح التزلج,3.8 من 5 نجوم,‏45.00 جنيه
غشاء حماية للوحة المفاتيح لأجهزة اللاب توب، مقاس 17 بوصة,3.2 من 5 نجوم,‏26.00 جنيه
غطاء لاصق للاب توب مقاس 15 بوصة - 4305,N/A,‏49.00 جنيه
YM سكتش ستيكر لاصق للاب توب - ايبيك فيل مقاس مساحة 6×6 سم قطعة واحدة سهل التقشير واللصق هدية للكلية والمكتب والفنانين والطلاب والسيارة والنوت بوك واللابتوب والثلاجة ولوح التزلج من واي ام سكيتش عدد 1,5.0 من 5 نجوم,‏39.00 جنيه
حامل بوسادة تبريد للاب توب - 6 مراوح باضاءة ليد حمراء ومنفذين USB – ويدعم حتى 17 بوصة، من اكسترايك مي موديل FN811,3.2 من 5 نجوم,‏599.00 جنيه
ستيكر لاب توب بتصميم عبارة «Stay Wild» مقاس 6×6 سم، قطعة واحدة | سهل التقشير واللصق هدية للكلية والمكتب والفنانين والطلاب والسيارة والنوت بوك واللابتوب والثلاجة ولوح التزلج، من واي ام سكيتش، فينيل,2.4 من 5 نجوم,‏39.00 جنيه
حافظة حماية لاب توب 15.6 بوصة (بتصميم ليلة مرصعة بالنجوم)، أزرق,3.2 من 5 نجوم,‏199.00 جنيه
كابل طاقة بطول 1.3 م بـ 3 طرف مناسب لشاحن اللاب توب وشاشة التلفزيون والأجهزة الأخرى - 5 قطع,N/A,‏225.00 جنيه
ستيكر لاصق سهل التقشير يصعب تمزيقه بتصميم ميدنايت سناكر من واي ام سكيتش، للاب توب وماك بوك والفريق ودفتر الملاحظات والمخطط ولوح التزلجو والسيارة، اقتباس سخرية انجليزي 6×6 سم، قطعة واحدة,4.0 من 5 نجوم,‏39.00 جنيه
كابل طاقة بطول 1.3 م بـ 3 دبوس مناسب لشاحن اللاب توب وشاشة التلفزيون والأجهزة الأخرى من قطعة واحدة,N/A,‏99.00 جنيه
حافظة حماية أنيقة للاب توب مقاس 14 إلى 15.6 بوصة مناسبة لأجهزة اسوس ولينوفو واتش بي وستريم وايسر مقاس 15.6 بوصة وال جي وديل مقاس 14 بوصة، أرجواني,N/A,‏198.00 جنيه
بادة ماوس مربعة بحافة مخيطة من نسيج فاخر قابلة للغسل مع قماش ليكرا مطاطية وغير قابلة للانزلاق للاب توب والكمبيوتر الشخصي من اتنريسيت، مقاس 26 × 21 × 1 سم، متعددة الألوان,4.1 من 5 نجوم,‏51.10 جنيه
شنطة ظهر لللاب توب مضادة للسرقة من ليزوي بمنفذ شحن USB وقفل بكلمة مرور، شنطة ظهر متينة مقاومة للماء للسفر أو الجامعة أو العمل أو المدرسة (أسود),4.2 من 5 نجوم,‏579.99 جنيه
حامل لاب توب من باباكوم بارتفاع قابل للتعديل من 9 مستويات، ألومنيوم قابل للطي، حامل نوت بوك محمول متوافق مع ماك بوك برو اير ولاب توب ديل ولينوفو وتابلت 10-15.6 بوصة (فضي),4.1 من 5 نجوم,‏114.00 جنيه
حامل لابتوب قابل للتعديل، حامل لابتوب محمول من الالومنيوم للمكتب، حامل نوت بوك تبريد قابل للطي وجيد التهوية لاجهزة ماك بوك برو/اير، اتش بي، لينوفو، سوني، ديل، والمزيد من اجهزة مقاس 10-15.6 انش,3.3 من 5 نجوم,‏158.00 جنيه
حامل لاب توب بست زوايا قابلة للتعديل من الألومنيوم متوافق مع ماك بوك وايباد واتش بي وديل ولينوفو 10 15.6 - فضي، I فولر,3.8 من 5 نجوم,‏118.00 جنيه
منظف شاشات لابستر 3 في 1 من هاندبوس، مناسب للكمبيوتر واللاب توب والشاشة والكاميرا والموبايلات والعدسات والتابلت، 100 ملليلتر، أزرق,4.4 من 5 نجوم,‏87.85 جنيه
فيتشي مجموعة تنظيف متعددة الوظائف 20 في 1 للاجهزة الالكترونية، فرشاة تنظيف لوحة المفاتيح، مجموعة تنظيف سماعات الايربودز، اداة متعددة لتنظيف اللابتوب والكيبورد وسماعات الاذن والكاميرا والجوالات,4.2 من 5 نجوم,‏282.80 جنيه
ترابيزة محمولة مع ارجل قابلة للطي للقراءة وحمل اللاب توب والنوت بوك من ويدوسي، ترابيزة توضع علي السرير والكنبة والأرض للأطفال - مقاس قياسي,4.1 من 5 نجوم,‏249.99 جنيه
غطاء لكاميرا ويب، 3 عبوات من الاغطية النحيفة للغاية، مناسب للاب توب والكمبيوتر والموبايل الذكي وماك واى ماك بوك، منزلق لحماية خصوصيتك، أسود,4.3 من 5 نجوم,‏58.50 جنيه
شنطة ظهر للاب توب للرجال والنساء مع جيب كمبيوتر مقاس 17.3 انش، شنطة ظهر مقاومة للماء مع منفذ شحن USB - اسود,2.6 من 5 نجوم,‏297.00 جنيه
إعلانإعلان,4.8 من 5 نجوم,"‏54,993.00 جنيه"
إعلانإعلان,4.8 من 5 نجوم,"‏47,990.00 جنيه"
إعلانإعلان,4.5 من 5 نجوم,"‏61,950.00 جنيه"
إعلانإعلان,4.9 من 5 نجوم,"‏59,750.00 جنيه"
إعلانإعلان,1.0 من 5 نجوم,"‏46,888.00 جنيه"
إعلانإعلان,N/A,"‏145,999.00 جنيه"
إعلانإعلان,4.8 من 5 نجوم,"‏54,999.00 جنيه"
إعلانإعلان,4.8 من 5 نجوم,"‏50,999.00 جنيه"
ستيكر لاصق سهل التقشير يصعب تمزيقه بتصميم ميدنايت سناكر من واي ام سكيتش، للاب توب وماك بوك والفريق ودفتر الملاحظات والمخطط ولوح التزلجو والسيارة، اقتباس سخرية انجليزي 6×6 سم، قطعة واحدة,4.0 من 5 نجوم,‏39.00 جنيه
YM سكتش ستيكر لاصق للاب توب - ايبيك فيل مقاس مساحة 6×6 سم قطعة واحدة سهل التقشير واللصق هدية للكلية والمكتب والفنانين والطلاب والسيارة والنوت بوك واللابتوب والثلاجة ولوح التزلج من واي ام سكيتش عدد 1,5.0 من 5 نجوم,‏39.00 جنيه
حامل لاب توب قابل للتعديل - حامل نوت بوك من الألومنيوم مطوي ومحمول، ارتفاع 6 زوايا قابل للتعديل، حامل مريح وجيد التهوية لجميع أجهزة اللاب توب والتابلت (حتى 15.6 بوصة),N/A,‏162.00 جنيه
كابل طاقة بطول 1.3 م بـ 3 دبوس مناسب لشاحن اللاب توب وشاشة التلفزيون والأجهزة الأخرى من قطعة واحدة,N/A,‏99.00 جنيه
ستيكر لاب توب بتصميم عبارة «Stay Wild» مقاس 6×6 سم، قطعة واحدة | سهل التقشير واللصق هدية للكلية والمكتب والفنانين والطلاب والسيارة والنوت بوك واللابتوب والثلاجة ولوح التزلج، من واي ام سكيتش، فينيل,2.4 من 5 نجوم,‏39.00 جنيه
بادة ماوس مربعة بحافة مخيطة من نسيج فاخر قابلة للغسل مع قماش ليكرا مطاطية وغير قابلة للانزلاق للاب توب والكمبيوتر الشخصي من اتنريسيت، مقاس 26 × 21 × 1 سم، متعددة الألوان,4.1 من 5 نجوم,‏51.10 جنيه
حامل لاب توب من باباكوم بارتفاع قابل للتعديل من 9 مستويات، ألومنيوم قابل للطي، حامل نوت بوك محمول متوافق مع ماك بوك برو اير ولاب توب ديل ولينوفو وتابلت 10-15.6 بوصة (فضي),4.1 من 5 نجوم,‏114.00 جنيه
حافظة حماية أنيقة للاب توب مقاس 14 إلى 15.6 بوصة مناسبة لأجهزة اسوس ولينوفو واتش بي وستريم وايسر مقاس 15.6 بوصة وال جي وديل مقاس 14 بوصة، أرجواني,N/A,‏198.00 جنيه
,4.0 من 5 نجوم,‏114.00 جنيه
,3.9 من 5 نجوم,‏235.00 جنيه
حامل لاب توب معدني للمكتب (قطعة واحدة) - حامل لاب توب محمول للمكتب وحامل ماك بوك - حامل كمبيوتر قابل للتعديل مع واقي كابل - حامل لابتوب قابل للطي يدعم أجهزة اللابتوب والتابلت حتى 17 بوصة,4.4 من 5 نجوم,‏399.00 جنيه
حامل بوسادة تبريد للاب توب - 6 مراوح باضاءة ليد حمراء ومنفذين USB – ويدعم حتى 17 بوصة، من اكسترايك مي موديل FN811,3.2 من 5 نجوم,‏599.00 جنيه
حامل لابتوب للمكتب من اراي الومنيوم مريح وقابل للتعديل كمبيوتر قابل للطي 7 زوايا مضاد للانزلاق متوافق مع اجهزة اللابتوب مقاس 9 15.6 انش رمادي اري,4.6 من 5 نجوم,‏275.44 جنيه
منظف شاشات لابستر 3 في 1 من هاندبوس، مناسب للكمبيوتر واللاب توب والشاشة والكاميرا والموبايلات والعدسات والتابلت، 100 ملليلتر، أزرق,4.4 من 5 نجوم,‏87.85 جنيه
حامل لاب توب قابل للدوران 360°، حامل سطح مكتب عالمي قابل للطي بارتفاع مريح وقابل للتعديل متوافق مع ماك بوك برو/اير نوت بوك حتى 16 بوصة من كريشو (فضي، قطعة واحدة),4.1 من 5 نجوم,‏908.74 جنيه
كابل طاقة بطول 1.3 م بـ 3 طرف مناسب لشاحن اللاب توب وشاشة التلفزيون والأجهزة الأخرى - 5 قطع,N/A,‏225.00 جنيه
إعلانإعلان,4.8 من 5 نجوم,"‏47,990.00 جنيه"
إعلانإعلان,3.8 من 5 نجوم,"‏53,950.00 جنيه"
إعلانإعلان,4.6 من 5 نجوم,"‏78,750.00 جنيه"
إعلانإعلان,5.0 من 5 نجوم,"‏59,950.00 جنيه"
ادوات تنظيف لاجهزة اللاب توب وشاشة ال سي دي من هاند بوس,4.1 من 5 نجوم,‏74.00 جنيه
حامل كمبيوتر محمول قابل للطي من لاتوب (فضي),4.5 من 5 نجوم,‏699.00 جنيه
إعلانإعلان,4.8 من 5 نجوم,"‏54,993.00 جنيه"
إعلانإعلان,4.8 من 5 نجوم,"‏47,990.00 جنيه"
إعلانإعلان,4.5 من 5 نجوم,"‏61,950.00 جنيه"
إعلانإعلان,4.9 من 5 نجوم,"‏59,750.00 جنيه"
إعلانإعلان,1.0 من 5 نجوم,"‏46,888.00 جنيه"
إعلانإعلان,N/A,"‏145,999.00 جنيه"
إعلانإعلان,4.8 من 5 نجوم,"‏54,999.00 جنيه"
إعلانإعلان,4.8 من 5 نجوم,"‏50,999.00 جنيه"
إعلانإعلان,4.8 من 5 نجوم,"‏47,990.00 جنيه"
إعلانإعلان,3.8 من 5 نجوم,"‏53,950.00 جنيه"
إعلانإعلان,4.6 من 5 نجوم,"‏78,750.00 جنيه"
إعلانإعلان,5.0 من 5 نجوم,"‏59,950.00 جنيه"
إعلانإعلان,4.8 من 5 نجوم,"‏54,993.00 جنيه"
إعلانإعلان,4.8 من 5 نجوم,"‏47,990.00 جنيه"
إعلانإعلان,4.5 من 5 نجوم,"‏61,950.00 جنيه"
إعلانإعلان,4.9 من 5 نجوم,"‏59,750.00 جنيه"
إعلانإعلان,1.0 من 5 نجوم,"‏46,888.00 جنيه"
إعلانإعلان,N/A,"‏145,999.00 جنيه"
إعلانإعلان,4.8 من 5 نجوم,"‏54,999.00 جنيه"
إعلانإعلان,4.8 من 5 نجوم,"‏50,999.00 جنيه"
إعلانإعلان,4.8 من 5 نجوم,"‏47,990.00 جنيه"
إعلانإعلان,3.8 من 5 نجوم,"‏53,950.00 جنيه"
إعلانإعلان,4.6 من 5 نجوم,"‏78,750.00 جنيه"
إعلانإعلان,5.0 من 5 نجوم,"‏59,950.00 جنيه"
إعلانإعلان,4.8 من 5 نجوم,"‏54,993.00 جنيه"
إعلانإعلان,4.8 من 5 نجوم,"‏47,990.00 جنيه"
إعلانإعلان,4.5 من 5 نجوم,"‏61,950.00 جنيه"
إعلانإعلان,4.9 من 5 نجوم,"‏59,750.00 جنيه"
إعلانإعلان,1.0 من 5 نجوم,"‏46,888.00 جنيه"
إعلانإعلان,N/A,"‏145,999.00 جنيه"
إعلانإعلان,4.8 من 5 نجوم,"‏54,999.00 جنيه"
إعلانإعلان,4.8 من 5 نجوم,"‏50,999.00 جنيه"
إعلانإعلان,4.8 من 5 نجوم,"‏47,990.00 جنيه"
إعلانإعلان,3.8 من 5 نجوم,"‏53,950.00 جنيه"
إعلانإعلان,4.6 من 5 نجوم,"‏78,750.00 جنيه"
إعلانإعلان,5.0 من 5 نجوم,"‏59,950.00 جنيه"
إعلانإعلان,4.8 من 5 نجوم,"‏54,993.00 جنيه"
إعلانإعلان,4.8 من 5 نجوم,"‏47,990.00 جنيه"
إعلانإعلان,4.5 من 5 نجوم,"‏61,950.00 جنيه"
إعلانإعلان,4.9 من 5 نجوم,"‏59,750.00 جنيه"
إعلانإعلان,N/A,"‏145,999.00 جنيه"
إعلانإعلان,1.0 من 5 نجوم,"‏46,888.00 جنيه"
إعلانإعلان,4.8 من 5 نجوم,"‏54,999.00 جنيه"
إعلانإعلان,4.8 من 5 نجوم,"‏50,999.00 جنيه"
إعلانإعلان,4.8 من 5 نجوم,"‏47,990.00 جنيه"
إعلانإعلان,3.8 من 5 نجوم,"‏53,950.00 جنيه"
إعلانإعلان,4.6 من 5 نجوم,"‏78,750.00 جنيه"
إعلانإعلان,5.0 من 5 نجوم,"‏59,950.00 جنيه"
إعلانإعلان,4.8 من 5 نجوم,"‏54,993.00 جنيه"
إعلانإعلان,4.8 من 5 نجوم,"‏47,990.00 جنيه"
إعلانإعلان,4.5 من 5 نجوم,"‏61,950.00 جنيه"
إعلانإعلان,4.9 من 5 نجوم,"‏59,750.00 جنيه"
إعلانإعلان,N/A,"‏145,999.00 جنيه"
إعلانإعلان,1.0 من 5 نجوم,"‏46,888.00 جنيه"
إعلانإعلان,4.8 من 5 نجوم,"‏54,999.00 جنيه"
إعلانإعلان,4.8 من 5 نجوم,"‏50,999.00 جنيه"
إعلانإعلان,4.8 من 5 نجوم,"‏47,990.00 جنيه"
إعلانإعلان,3.8 من 5 نجوم,"‏53,950.00 جنيه"
إعلانإعلان,4.6 من 5 نجوم,"‏78,750.00 جنيه"
إعلانإعلان,5.0 من 5 نجوم,"‏59,950.00 جنيه"
إعلانإعلان,4.8 من 5 نجوم,"‏54,993.00 جنيه"
إعلانإعلان,4.8 من 5 نجوم,"‏47,990.00 جنيه"
إعلانإعلان,4.5 من 5 نجوم,"‏61,950.00 جنيه"
إعلانإعلان,4.9 من 5 نجوم,"‏59,750.00 جنيه"
إعلانإعلان,N/A,"‏145,999.00 جنيه"
إعلانإعلان,1.0 من 5 نجوم,"‏46,888.00 جنيه"
إعلانإعلان,4.8 من 5 نجوم,"‏54,999.00 جنيه"
إعلانإعلان,4.8 من 5 نجوم,"‏50,999.00 جنيه"
إعلانإعلان,4.8 من 5 نجوم,"‏47,990.00 جنيه"
إعلانإعلان,3.8 من 5 نجوم,"‏53,950.00 جنيه"
إعلانإعلان,4.6 من 5 نجوم,"‏78,750.00 جنيه"
إعلانإعلان,5.0 من 5 نجوم,"‏59,950.00 جنيه"
إعلانإعلان,4.8 من 5 نجوم,"‏54,993.00 جنيه"
إعلانإعلان,4.8 من 5 نجوم,"‏47,990.00 جنيه"
إعلانإعلان,4.5 من 5 نجوم,"‏61,950.00 جنيه"
إعلانإعلان,4.9 من 5 نجوم,"‏59,750.00 جنيه"
إعلانإعلان,N/A,"‏145,999.00 جنيه"
إعلانإعلان,1.0 من 5 نجوم,"‏46,888.00 جنيه"
إعلانإعلان,4.8 من 5 نجوم,"‏54,999.00 جنيه"
إعلانإعلان,4.8 من 5 نجوم,"‏50,999.00 جنيه"
إعلانإعلان,4.8 من 5 نجوم,"‏47,990.00 جنيه"
إعلانإعلان,3.8 من 5 نجوم,"‏53,950.00 جنيه"
إعلانإعلان,4.6 من 5 نجوم,"‏78,750.00 جنيه"
إعلانإعلان,5.0 من 5 نجوم,"‏59,950.00 جنيه"
إعلانإعلان,4.8 من 5 نجوم,"‏54,993.00 جنيه"
إعلانإعلان,4.8 من 5 نجوم,"‏47,990.00 جنيه"
إعلانإعلان,4.5 من 5 نجوم,"‏61,950.00 جنيه"
إعلانإعلان,4.9 من 5 نجوم,"‏59,750.00 جنيه"
إعلانإعلان,N/A,"‏145,999.00 جنيه"
إعلانإعلان,1.0 من 5 نجوم,"‏46,888.00 جنيه"
إعلانإعلان,4.8 من 5 نجوم,"‏54,999.00 جنيه"
إعلانإعلان,4.8 من 5 نجوم,"‏50,999.00 جنيه"
إعلانإعلان,4.8 من 5 نجوم,"‏47,990.00 جنيه"
إعلانإعلان,3.8 من 5 نجوم,"‏53,950.00 جنيه"
إعلانإعلان,4.6 من 5 نجوم,"‏78,750.00 جنيه"
إعلانإعلان,5.0 من 5 نجوم,"‏59,950.00 جنيه"
إعلانإعلان,4.8 من 5 نجوم,"‏54,993.00 جنيه"
إعلانإعلان,4.8 من 5 نجوم,"‏47,990.00 جنيه"
إعلانإعلان,4.5 من 5 نجوم,"‏61,950.00 جنيه"
إعلانإعلان,4.9 من 5 نجوم,"‏59,750.00 جنيه"
إعلانإعلان,N/A,"‏145,999.00 جنيه"
إعلانإعلان,1.0 من 5 نجوم,"‏46,888.00 جنيه"
إعلانإعلان,4.8 من 5 نجوم,"‏54,999.00 جنيه"
إعلانإعلان,4.8 من 5 نجوم,"‏50,999.00 جنيه"
إعلانإعلان,4.8 من 5 نجوم,"‏47,990.00 جنيه"
إعلانإعلان,3.8 من 5 نجوم,"‏53,950.00 جنيه"
إعلانإعلان,4.6 من 5 نجوم,"‏78,750.00 جنيه"
إعلانإعلان,5.0 من 5 نجوم,"‏59,950.00 جنيه"
إعلانإعلان,4.8 من 5 نجوم,"‏54,993.00 جنيه"
إعلانإعلان,4.8 من 5 نجوم,"‏47,990.00 جنيه"
إعلانإعلان,4.5 من 5 نجوم,"‏61,950.00 جنيه"
إعلانإعلان,4.9 من 5 نجوم,"‏59,750.00 جنيه"
إعلانإعلان,N/A,"‏145,999.00 جنيه"
إعلانإعلان,1.0 من 5 نجوم,"‏46,888.00 جنيه"
إعلانإعلان,4.8 من 5 نجوم,"‏54,999.00 جنيه"
إعلانإعلان,4.8 من 5 نجوم,"‏50,999.00 جنيه"
إعلانإعلان,4.8 من 5 نجوم,"‏47,990.00 جنيه"
إعلانإعلان,3.8 من 5 نجوم,"‏53,950.00 جنيه"
إعلانإعلان,4.6 من 5 نجوم,"‏78,750.00 جنيه"
إعلانإعلان,5.0 من 5 نجوم,"‏59,950.00 جنيه"
إعلانإعلان,4.8 من 5 نجوم,"‏54,993.00 جنيه"
إعلانإعلان,4.8 من 5 نجوم,"‏47,990.00 جنيه"
إعلانإعلان,4.5 من 5 نجوم,"‏61,950.00 جنيه"
إعلانإعلان,4.9 من 5 نجوم,"‏59,750.00 جنيه"
إعلانإعلان,N/A,"‏145,999.00 جنيه"
إعلانإعلان,1.0 من 5 نجوم,"‏46,888.00 جنيه"
إعلانإعلان,N/A,"‏61,999.00 جنيه"
إعلانإعلان,4.8 من 5 نجوم,"‏54,999.00 جنيه"
إعلانإعلان,4.8 من 5 نجوم,"‏47,990.00 جنيه"
إعلانإعلان,3.8 من 5 نجوم,"‏53,950.00 جنيه"
إعلانإعلان,4.6 من 5 نجوم,"‏78,750.00 جنيه"
إعلانإعلان,5.0 من 5 نجوم,"‏59,950.00 جنيه"
إعلانإعلان,4.8 من 5 نجوم,"‏54,993.00 جنيه"
إعلانإعلان,4.8 من 5 نجوم,"‏47,990.00 جنيه"
إعلانإعلان,4.5 من 5 نجوم,"‏61,950.00 جنيه"
إعلانإعلان,4.9 من 5 نجوم,"‏59,750.00 جنيه"
إعلانإعلان,N/A,"‏145,999.00 جنيه"
إعلانإعلان,1.0 من 5 نجوم,"‏46,888.00 جنيه"
إعلانإعلان,N/A,"‏61,999.00 جنيه"
إعلانإعلان,4.8 من 5 نجوم,"‏54,999.00 جنيه"
إعلانإعلان,4.8 من 5 نجوم,"‏47,990.00 جنيه"
إعلانإعلان,3.8 من 5 نجوم,"‏53,950.00 جنيه"
إعلانإعلان,4.6 من 5 نجوم,"‏78,750.00 جنيه"
إعلانإعلان,5.0 من 5 نجوم,"‏59,950.00 جنيه"
إعلانإعلان,4.8 من 5 نجوم,"‏54,993.00 جنيه"
إعلانإعلان,4.8 من 5 نجوم,"‏47,990.00 جنيه"
إعلانإعلان,4.5 من 5 نجوم,"‏61,950.00 جنيه"
إعلانإعلان,4.9 من 5 نجوم,"‏59,750.00 جنيه"
إعلانإعلان,N/A,"‏145,999.00 جنيه"
إعلانإعلان,1.0 من 5 نجوم,"‏46,888.00 جنيه"
إعلانإعلان,N/A,"‏61,999.00 جنيه"
إعلانإعلان,4.8 من 5 نجوم,"‏54,999.00 جنيه"
إعلانإعلان,4.8 من 5 نجوم,"‏47,990.00 جنيه"
إعلانإعلان,3.8 من 5 نجوم,"‏53,950.00 جنيه"
إعلانإعلان,4.6 من 5 نجوم,"‏78,750.00 جنيه"
إعلانإعلان,5.0 من 5 نجوم,"‏59,950.00 جنيه"
إعلانإعلان,4.8 من 5 نجوم,"‏54,993.00 جنيه"
إعلانإعلان,4.8 من 5 نجوم,"‏47,990.00 جنيه"
إعلانإعلان,4.5 من 5 نجوم,"‏61,950.00 جنيه"
إعلانإعلان,4.9 من 5 نجوم,"‏59,750.00 جنيه"
